customer_id,first_name,last_name,email,country,created_at
eb391b8c-bbb1-4313-a911-6201dfe93641,Melissa,Vega,fwatson@example.net,Iceland,2024-06-13
fcfd80de-751b-49a5-a642-238b18859453,Scott,Hayes,stonegeorge@example.com,Honduras,2023-12-17
19e5c299-de4c-4981-a1cc-23b6b4b955e5,Regina,Thomas,hbuchanan@example.net,Ethiopia,2023-07-10
ef1d2e06-9221-47d6-9adc-6583c377e337,Lisa,Knox,stacy71@example.net,Taiwan,2025-03-01
e6a05261-d827-414b-859c-ab86f3fce8ce,Teresa,Dyer,bcole@example.net,Benin,2023-10-09
38c284a9-0284-4f4d-a29d-ebce16d1e571,Michael,Barton,churchamanda@example.com,Mexico,2023-10-17
b27e6a6b-7d4d-4be1-b0d2-41d690c20778,Brian,Walker,johnmeyer@example.org,Benin,2024-02-20
f41841f6-df5a-46b0-a5cb-2a13446b7385,Cassandra,Garrett,eharris@example.net,Honduras,2024-10-31
26086c18-df42-4714-84e0-2a3cf9e005c3,Patrick,Bradley,nicholas62@example.com,Mauritius,2022-12-04
b8bc0936-b5ca-4800-bba9-b12a8ac8026c,Martin,Armstrong,andrea27@example.net,Norway,2024-06-20
685504e2-2d82-4710-aa73-e5c2394eac80,Edward,Jacobs,jose74@example.net,Comoros,2023-01-12
e9c68245-d80d-4c35-9e06-8c51c899f5d8,Derrick,Martinez,pearsoncharles@example.net,Kuwait,2024-07-10
5a101dc0-182d-4e7e-b733-b1083f089aff,David,Brooks,juan50@example.net,Jamaica,2024-06-08
77a26c7e-fce1-4ba7-998f-b0d9ddc197e2,Kevin,Baker,michael82@example.com,Pakistan,2024-09-17
840cbb2c-6832-4a34-8778-579167ec25d4,Noah,Gibson,gbarton@example.org,Lithuania,2024-12-21
23a9e43c-3f1c-4d8e-9d36-b71aa6b9d795,Ryan,Erickson,william10@example.net,Myanmar,2023-05-14
840999a4-40f0-45b0-8e57-afe90b2a57ab,Beth,Smith,tracypetersen@example.com,Afghanistan,2022-11-18
a98f861e-0396-4665-b9f8-507330da133f,Kristina,White,jamesbarton@example.com,Sweden,2023-09-16
6fe4859a-02bd-45c7-a172-f8221e61c2a0,John,Gutierrez,garciarichard@example.com,United Kingdom,2025-02-03
c36ac3b9-c6f4-4df1-9d1a-88ad8f597991,Shawn,Hernandez,annette14@example.org,Cocos (Keeling) Islands,2023-03-05
04cc9655-7024-43ac-a70e-6302a597caa1,Ryan,Johnson,joshuapope@example.org,Falkland Islands (Malvinas),2024-02-15
5fd7dc7c-4cfc-49ad-a762-11f082d97f1d,Erica,Anderson,jonathanchavez@example.org,Kiribati,2025-01-08
955c1538-35b1-4306-a05b-0688854693ca,Clayton,Santana,christinagonzales@example.com,Denmark,2023-07-22
ee206d52-a620-4180-bacb-705095ab3e32,Angela,Hunter,jeffreysmith@example.org,Tunisia,2023-12-16
d763414c-cfec-4ad9-814a-76510c8115f5,Jessica,Browning,bblackwell@example.net,South Africa,2024-08-06
d1c9db9b-9fbe-4c0d-8a90-254fc0d6e224,Gregory,Kim,shahlaura@example.net,Philippines,2022-04-30
c3307ef8-d96a-4c45-a006-76ec327f1cf1,Ronald,Ellis,angelasimon@example.com,Ethiopia,2023-01-09
7c00f179-eba7-4cb3-ab59-2be4670c01a7,Jennifer,Rogers,matthewsolis@example.org,Peru,2024-11-21
0637c8c6-d4fe-4591-897a-a2421174faad,Brian,Reynolds,floreskayla@example.com,Bahrain,2025-04-18
85061ca5-8551-4fa6-9c13-39c993e33761,Ryan,Edwards,jose61@example.org,Nigeria,2024-04-29
d2c468fc-d795-4016-8f0c-4c1cfb442ced,Andrew,Smith,waltoncynthia@example.net,Guinea-Bissau,2023-07-27
012d6a44-5786-4890-ac77-fac169965deb,Kara,Davis,lucas71@example.com,Latvia,2025-03-04
f8f34cb6-0b77-4f9f-ab85-d1ddab358e91,Amber,Jordan,vnovak@example.org,Micronesia,2023-08-20
9259bb04-4a3d-4191-8f89-7e66052b0b52,Gabrielle,Black,jose59@example.org,Antarctica (the territory South of 60 deg S),2022-07-15
a0234c26-5b66-4e02-98ce-ea15a8a636d1,Harold,Irwin,clementsjames@example.net,Cocos (Keeling) Islands,2024-11-23
f5b3b293-48dc-4932-8d28-b49503ec9420,Robert,Kirk,walkerkristy@example.org,Mali,2024-04-10
95bbd32a-e1e0-497a-99da-0aefb2e1ecba,Ronald,Summers,jeremiahgraham@example.net,Saint Vincent and the Grenadines,2022-12-26
b5698e28-442b-48d4-82a2-b4cc55b93d80,Jean,Blankenship,garymartin@example.com,Saint Helena,2024-02-28
4e21d627-4813-435d-bc34-7009966d8d58,Frank,Cowan,dalexander@example.org,Senegal,2023-07-05
960e6f18-109d-4cd0-aa85-caf58acbe720,Michael,Bell,reginacosta@example.net,China,2023-09-11
d10e032b-b209-485e-b5b7-b96be0e58feb,Laurie,Davis,rita12@example.org,Reunion,2025-02-23
c244dbc4-5356-4f29-ac09-b98c3e27ca8a,Emily,Orozco,lindsey14@example.com,Guam,2024-04-03
fb77033b-55e4-48fb-bfe4-0537b41ec435,Deanna,Hart,cnelson@example.org,Nigeria,2023-05-30
b70f4fee-816e-40c8-9857-bc7dd948c124,Matthew,Williams,qsmith@example.com,Slovakia (Slovak Republic),2023-08-30
596bacde-1fc0-4805-acbf-28280e42879c,Julia,Roberts,william21@example.com,Pakistan,2024-04-29
d40f1b16-cd6f-4e23-8db5-19a730845d60,Rebecca,Stevens,heather49@example.org,Liechtenstein,2023-12-02
360580c8-45e6-4f1d-9543-c98b0a5139fb,Jo,Mcneil,fayala@example.org,Turkey,2022-09-18
155ee090-f18d-484b-966a-94a37b7ae68a,Jonathan,Rose,gouldbelinda@example.net,Haiti,2023-12-02
130f62a2-1e4e-4ca1-a79c-b1aca6dcc0dd,Terry,Gonzalez,astokes@example.com,Colombia,2024-04-22
974f88e3-d912-46eb-8737-66740ddddeb7,Jennifer,Acevedo,claudia65@example.net,American Samoa,2024-07-06
2f1c6bb3-c481-4646-8581-027b24e5621c,Jennifer,Jordan,pedro13@example.net,Costa Rica,2024-10-05
78f615b2-2b19-4291-a730-6c8a216ba28d,Mark,Campbell,robinsoncindy@example.net,Chile,2024-03-25
27015a72-d4f5-4550-aeab-b5b8e1eeb7a7,Jessica,Bradley,cpalmer@example.org,Djibouti,2022-10-01
48734e84-b47d-4be2-994c-c54f91574c29,Bryce,Wallace,chasevincent@example.net,Serbia,2023-05-14
c0244580-1461-44cf-8453-dca5e3fc171d,Becky,Duarte,elizabethking@example.net,Angola,2023-01-08
d4feb747-a346-4c1c-8721-4a37fc01376c,Mark,Pierce,jordanevans@example.com,Marshall Islands,2025-04-04
127f249a-93af-41c1-afd9-05d5f0d92d99,Michael,White,pbraun@example.net,Cote d'Ivoire,2023-12-06
3e512c8c-41cf-4ba9-9e6b-6007ae5f6b83,Lauren,Brewer,hudsonlarry@example.org,Belize,2022-06-13
bd81236d-a7ae-4950-a860-4d9a1d6bc77b,Virginia,Mays,sharonday@example.com,Western Sahara,2024-10-28
5be69091-870f-4b1b-9b06-adbb70a65e6b,Sheila,Robertson,reedrobert@example.com,Yemen,2024-09-27
e6be0056-286c-402a-afc1-1a22d277b93a,Matthew,Hubbard,mlambert@example.net,Madagascar,2024-04-15
5d8b0b69-78e3-4861-9c19-d753044067b8,Mackenzie,Collins,troy34@example.com,Guam,2023-07-01
2465df59-eb7b-4d5c-b9bb-ed89a5620b17,Anne,May,fuenteskenneth@example.net,Mauritania,2025-03-16
3520a146-3491-4f0e-9fb0-197f6cbd9d8b,Christopher,Walker,mirandachristopher@example.net,Ukraine,2024-12-10
e57f5623-0abe-4266-9f08-1de5f54a75db,Thomas,Lee,jatkins@example.org,Guernsey,2023-07-16
cd7b3545-9d96-4678-b862-d2b6d7523012,Joseph,Powell,greenmadeline@example.com,Netherlands Antilles,2022-05-03
f615854c-764b-4b7d-8c4c-7803da8ae32f,Kimberly,Oliver,jhardin@example.com,Seychelles,2023-06-17
e7681b89-ecd0-49dc-8095-69e2e4cb6da3,Nicole,Bailey,tony72@example.org,Bangladesh,2022-07-23
374fd486-aca0-4661-a633-ec1eaa7f5558,Michael,Ferrell,johnsmith@example.org,Ghana,2023-01-12
7033d9c6-e4f4-4926-a434-66a2e3af5185,William,Solis,halltravis@example.net,Jersey,2023-02-05
c629889d-8e07-43cc-a82e-5d3b0cc334b7,Michael,Lopez,christopheralvarez@example.com,Poland,2024-12-27
545002a3-3f5e-40b7-834d-535dbdec06bc,Thomas,Garcia,xwolf@example.net,Vietnam,2023-06-12
d074c90c-b029-423c-987b-cbe7cc7b8548,Dawn,Garza,jeffreymiller@example.com,Chile,2024-12-29
7b453919-041d-4c47-9c07-14a6feac11d4,Jennifer,Knapp,millerjonathan@example.org,Trinidad and Tobago,2023-10-25
1380665d-57d6-4252-9354-1a91f1b55f27,Kathy,Trevino,robert59@example.org,Ecuador,2022-05-27
1e59886a-739e-4ee5-9d5f-9caa603cc14b,Kyle,Meyer,westgary@example.net,Bahrain,2022-10-16
d5da084e-f4f0-4dee-b5da-5d422fbfcd2a,Andrea,Mills,billy21@example.org,Dominica,2023-11-25
5ecff211-2e52-497e-891f-b328ea25c68a,Gwendolyn,Clark,normanjohn@example.com,Saint Pierre and Miquelon,2024-06-01
f531ae03-2882-419f-b038-43f2446b01aa,Carla,Diaz,lisalee@example.org,Lao People's Democratic Republic,2024-03-21
8e705d1a-78eb-4a2e-8df2-b5c7cddc063f,Andrea,Russell,mmcclain@example.com,Cyprus,2023-07-08
97e8201c-cf3b-4c50-8cc3-89f2bc3d353f,Emily,Walters,keithjones@example.net,Timor-Leste,2023-02-25
214fa5fe-4b02-452a-a235-7da1416b9645,Jacqueline,Brock,michael60@example.net,British Indian Ocean Territory (Chagos Archipelago),2024-06-14
be598866-9f20-4792-a539-0777f340002b,James,Rodriguez,hortonlinda@example.net,United States of America,2023-12-16
4b1cf2fd-fa58-45f5-bc32-39e22d3a2c72,Amanda,Watson,scott28@example.com,Congo,2022-05-01
2fa6bccd-02c6-4961-ad59-67e3cc976ba7,Laura,Hunt,morgan74@example.com,Lithuania,2023-07-24
77908319-69f4-48c4-8a70-4c65df966e4f,Gregory,Miller,codyweber@example.org,French Southern Territories,2024-09-20
7ce925bc-393b-4e52-861a-28fa60e61c2c,Alex,Mullins,castilloraymond@example.net,Saint Kitts and Nevis,2023-07-13
77334479-f803-496d-a783-f5f1e89e7e0b,Lindsay,Oconnor,fstein@example.com,Guatemala,2024-06-09
26a59e78-cad5-41c5-9db9-0e9f424a9fd5,Rachel,Wilson,timothy62@example.org,Falkland Islands (Malvinas),2024-07-07
09cdb148-6e60-4d22-a01e-640b34ffb7fc,Kathleen,Boyd,jimenezvictoria@example.org,Isle of Man,2024-10-01
6deb96ad-c578-4c0d-8849-3ddc7aa8d18c,Jennifer,Spencer,marysmith@example.com,Singapore,2025-01-02
8db53724-bc86-46e7-963f-f6025cda3bc3,Erin,Contreras,carpentererika@example.org,Armenia,2023-01-09
613882fd-0e3c-420d-a31c-f3914c782438,Lisa,Burns,robersonjessica@example.net,Solomon Islands,2024-10-28
3fe1ff90-bacc-400c-b3d6-9e494e061de4,Jennifer,Dunn,anthony42@example.com,Barbados,2023-12-08
ccb037f3-b034-41f1-b94e-a25a62995bd5,Richard,Russell,christina24@example.org,Luxembourg,2022-05-11
58d70173-f4b6-40a9-81c2-6c810eea0636,Denise,Rivera,brendamartinez@example.org,South Georgia and the South Sandwich Islands,2023-01-26
3f9ae3b0-b163-4563-bee9-c1733181182b,Victoria,Smith,kristinajohnson@example.com,Cote d'Ivoire,2023-10-20
cb1b8eba-4581-4062-9c4d-f33b94c1393c,Jessica,Moreno,angelamcpherson@example.org,Sao Tome and Principe,2024-08-15
00c0db04-94fd-4ab6-a577-bd049870c522,Jessica,Diaz,justincooley@example.com,South Georgia and the South Sandwich Islands,2023-12-05
0e4a478c-b4d5-47e8-adc1-eb4832fc9c87,Christina,Sparks,timothy51@example.com,Belgium,2023-01-15
bbfdc76c-83ed-46ff-a969-f46e28722d75,Eric,Patel,jonathan27@example.org,Bolivia,2022-06-17
4850a1e6-c31c-4b70-b9c3-95bc1b196702,Tim,Sanders,matthewhobbs@example.org,Bosnia and Herzegovina,2022-05-08
0de6f5e3-cdbd-4453-86b3-5ac74181290e,Austin,Hernandez,deanmichael@example.org,American Samoa,2023-11-03
1a04e89a-5cbf-451c-87e2-8d4a7d367f18,Justin,Diaz,johnstonanthony@example.net,Saint Barthelemy,2023-05-08
2735c8da-8009-4036-998b-20ad451e94a1,Elaine,Quinn,marcgreen@example.net,Iran,2024-10-01
b5456167-ba30-457b-9081-64c5b656e549,Natalie,Long,victorporter@example.org,American Samoa,2023-05-04
58ddf3f5-9c37-4be8-b4b9-6097b4c877bf,Heather,Austin,michael25@example.com,Faroe Islands,2023-01-19
52b22069-a13c-42d6-ac0b-0be0e92822fa,Anthony,Palmer,brucemorris@example.net,Guernsey,2022-10-22
cc963c42-491f-4f2e-808c-2b2e5991cc7c,Justin,Schneider,jonesdonna@example.com,Belgium,2023-04-07
bc5f5a9e-f0aa-432b-b3c6-b5685a5b02f2,Makayla,Jones,cartermichael@example.net,Israel,2024-02-03
f935c784-de4b-4416-a536-3837f53cc0b2,Timothy,Martinez,thomas64@example.net,Estonia,2022-09-10
92cc837e-1771-443f-9c8e-2e35f07f2a40,Brandon,Matthews,snyderelizabeth@example.com,India,2022-12-07
92699dcf-329d-4fef-a355-1cac249f0ee7,Joseph,Porter,johnathanmunoz@example.com,Slovakia (Slovak Republic),2024-02-15
ebd92564-78c4-4c8f-9f9f-f626a4833041,Karina,Brown,stevenshenry@example.net,El Salvador,2023-08-17
ed8ddce9-5e50-4e9d-a36f-541e6c19cb75,Justin,Guzman,johnsontracy@example.net,Uzbekistan,2024-07-16
a15d1599-1db8-445f-ab02-da5e16562c9d,David,Jordan,kevinberry@example.com,Myanmar,2025-04-10
de783f6b-0862-4684-bfba-f7234d70729f,Jill,Reeves,sharonpeters@example.com,Nauru,2022-11-29
44733230-29a5-4ad4-bb75-88bc2ab32aca,Thomas,Burns,barbara33@example.net,Falkland Islands (Malvinas),2024-11-15
267d0e77-3495-40c2-b0a1-ed90e1ed5e4b,Jessica,Reilly,adam86@example.net,Kiribati,2023-02-24
26a092a2-6542-4d5c-864c-2f6b062ea45c,Brittany,Moon,jennifer74@example.com,Canada,2023-04-24
37f102a9-975d-4a65-9967-42bdfe9a07b4,Kimberly,Hull,patriciagraham@example.org,Mongolia,2025-04-25
ea32aea0-3a1b-40ef-8501-a3c6a659a455,Andrea,Moore,matthew41@example.org,Zambia,2022-10-06
525dc52f-5d97-4f45-b2a9-6809638844be,Nancy,Edwards,ryanclark@example.com,Saint Lucia,2023-11-06
fa75f349-9eef-4fed-98cc-6d2edfe4e02d,Jennifer,Johnson,uwheeler@example.net,Czech Republic,2023-08-18
6449128c-9bf7-4040-99cb-8b44e9c08179,Chris,Hill,annamartinez@example.org,Comoros,2022-10-15
a83d1262-8e12-4f2d-861b-46735c98f840,Nicole,Clarke,dana22@example.org,Taiwan,2022-05-24
4a17b07c-3227-46e5-bc29-daa58b4a81f9,Sarah,Hinton,williamorr@example.net,Wallis and Futuna,2024-11-05
e3685656-f1c2-486a-bd27-b1da321c219f,Dominique,Hoffman,kristabrown@example.net,New Caledonia,2024-04-19
1c3b4033-7a06-4fdf-bcff-45a04bd21512,Sean,Singh,julia26@example.com,Benin,2022-10-28
9d3d4c0c-b383-4c22-8e2d-88bf6730bf05,Larry,Hawkins,julie45@example.org,Bulgaria,2023-12-18
1ab9c682-7eca-4d05-978e-322a4a8f06dd,Heather,Avila,jacksonjamie@example.org,Ireland,2023-01-15
cd636a6c-9b38-4242-bb6b-19508d5ddfb9,Richard,Gonzalez,murraymark@example.net,Cambodia,2024-07-23
9814b7b8-3ef8-4a9a-bdfd-8cc93c0bf294,Raymond,Sheppard,npalmer@example.org,Eritrea,2024-07-05
eecea913-3c21-4b10-9340-b5ab81d167bc,Courtney,Anderson,cindy36@example.com,Kenya,2023-07-11
ca7aba74-7993-4791-a484-1e403bb89b7a,Marc,Johnson,chadhurst@example.com,Serbia,2024-01-29
56eeaac1-5241-4e66-b7c7-7445b4fd8a67,Patrick,Sims,williamsisaac@example.org,Mauritius,2022-09-25
ec0b0dd3-64e5-4153-bc2b-6048a2ac4a63,Kimberly,Gray,norrisjessica@example.com,Western Sahara,2024-04-25
6235366a-36a1-4647-b32e-d0527cfab09c,James,Ward,buchanancarolyn@example.net,Lesotho,2024-09-12
db809c60-2684-46b9-a43d-8505fcddfee9,April,Kelley,douglasbeasley@example.org,Chile,2023-10-12
530bd6ab-0e9f-465b-afa8-2e6633ebccc3,Jennifer,Odonnell,chasewilliams@example.com,Slovakia (Slovak Republic),2024-09-11
9692c398-4fee-47bf-afaa-dff2b32e0f42,Jay,Hood,michele34@example.com,Kyrgyz Republic,2025-04-16
abc99cc3-091f-47cb-aa81-81df06c6ed17,Jacqueline,Dunn,ovelasquez@example.org,United Kingdom,2023-09-18
55445e2f-686c-453d-8922-fd851362439d,Renee,Ruiz,tscott@example.org,Croatia,2023-12-28
00d58fb2-5eca-4fa7-8e35-30b1bf8e038a,Tara,Taylor,mario66@example.com,Chad,2023-10-10
cabb6d5d-d793-4984-aa34-52afaa77f68d,Justin,Wright,lovebrenda@example.com,Finland,2025-02-10
a356e8ce-3493-4d4b-b08e-8ed6e6f81357,April,Mccarthy,baileykarina@example.org,Haiti,2022-08-28
def55f20-1b84-428c-a133-6b8cb257f403,Brandon,Mcintosh,melinda74@example.org,Nauru,2023-11-05
a1833e9a-5ccd-46be-aa48-58e943f5db63,Charles,Ryan,vincent09@example.net,Belgium,2024-11-19
491b2433-092e-4137-a98a-8e163469d6e1,Shelley,Snyder,zsandoval@example.com,Morocco,2023-02-05
687988a5-b0f7-4c31-ae77-2e5f3da41ddf,Paul,Saunders,jeffreywashington@example.com,New Caledonia,2023-08-23
150b7eb6-a3c8-48f9-be7e-e6be5ee3fe16,Jared,Soto,ryannoble@example.org,French Southern Territories,2025-02-21
50defa6c-ae30-40be-ab7f-9cfb2aa233e7,Robert,Travis,jeffreycox@example.net,Cayman Islands,2022-12-11
c5497cd0-c7c0-4bcb-8b27-85b377efc50d,Lindsey,Davis,qlyons@example.com,Cook Islands,2023-11-24
2a31efd3-7d84-4d43-b613-70c9feedf6bc,Diane,Rowe,santanatravis@example.net,Comoros,2023-05-15
4e223cba-424d-4779-8771-afd60c545bc0,Patricia,Ware,jeremyrodriguez@example.com,Bouvet Island (Bouvetoya),2022-07-13
ab7af1de-5b45-42e9-a48c-5f3161c6855b,John,Mendoza,barkermichael@example.net,Barbados,2022-10-02
06a0423a-7d9c-4386-9e05-bc997012717e,Tim,Mason,bcruz@example.net,Bangladesh,2024-01-01
43b3b44e-9d64-4dbf-892f-a261bc3e9f4f,Nathan,Cruz,nhenson@example.com,Cote d'Ivoire,2023-06-12
25c20537-d8b7-4e3c-a265-db381ae66319,Michael,Robertson,osmith@example.com,Philippines,2023-11-30
01dcdfc6-43fd-49f5-80b9-1729a9301423,Daniel,Gutierrez,ericjones@example.org,United States Minor Outlying Islands,2022-09-18
de099742-6f0b-42fd-93d7-a99982139f85,Vincent,Williams,dawnlove@example.net,Syrian Arab Republic,2024-12-25
c56a5179-cc28-4fe6-88f7-1056c019f7cb,Danielle,Gross,qorr@example.net,San Marino,2022-08-09
bfff534e-c7a3-4539-ba20-d6a44da8a2d0,Chase,Evans,santanarodney@example.org,Myanmar,2022-10-02
bf62170c-f3b6-4315-adb5-536779e706e3,Richard,Vargas,rscott@example.com,Germany,2024-10-24
5106d0d9-d38d-459c-aa43-7262eb388e5f,Duane,Chandler,hmccullough@example.net,Fiji,2025-04-17
988c9bde-537a-485b-b8a5-2b8e37b91b21,Catherine,Hill,reneemeyers@example.net,Christmas Island,2022-12-01
342f44cd-555a-41aa-b8a3-7dc021e2ad56,Shannon,Payne,ballcourtney@example.org,Yemen,2022-07-01
bc6abf1c-d2c1-4c8a-b678-ec391cfe66cd,Mark,Miller,hernandezbonnie@example.com,Oman,2023-09-07
80b2a998-0674-42da-81e5-b7f3afa18bd5,Cameron,Delgado,caserobert@example.net,Belgium,2023-02-06
2bbc9578-65e0-46bc-bd06-184cee82ead4,John,Tate,joy60@example.com,Libyan Arab Jamahiriya,2023-08-27
77e2e8bd-d93e-4705-8899-791a2fe75ec1,Veronica,Johnston,marshallveronica@example.net,Ecuador,2023-11-22
128f3320-622d-4cbb-944b-4841c0eb4ff1,Susan,Haney,chays@example.org,American Samoa,2025-03-09
ffd196de-1539-49f6-b015-491a78c91684,Wendy,Wright,nicholas33@example.net,Tanzania,2023-06-21
24c7a9d9-305a-4b37-be61-dedb2226f0f7,Karen,Davies,tracycarroll@example.net,Eritrea,2025-01-29
adb897e7-007a-4f0c-b48e-f25cfd912127,Allison,Rice,lisa19@example.org,Ukraine,2022-12-11
6f8d6699-96e2-4994-a6d9-be635469079d,David,Mitchell,richardgood@example.org,Poland,2025-03-31
fb054868-0379-4230-b911-7f7c9166bdfe,Amanda,Lewis,davisdonald@example.net,Burundi,2022-06-15
bf6789cb-fe2a-4b75-8e20-2c36784a3f54,Martin,Stephens,wjones@example.com,Bhutan,2022-12-07
3942d247-af7b-469f-80df-f444abcb6f1a,Jonathan,Dunn,jonessean@example.org,Kyrgyz Republic,2024-07-19
a4bdb32a-9cef-4fc2-b47e-89f7e270a0fa,Sean,Martin,wortiz@example.com,Azerbaijan,2024-04-05
c32b9b71-3e1e-4be6-bbce-70d7ca4b0a42,Jonathan,Kim,montgomerymary@example.net,Congo,2025-03-06
f111425b-27b3-4421-8063-e7e07b4d93c4,Melissa,Hurst,dianamitchell@example.com,Azerbaijan,2023-02-03
2b0ea933-d63c-4727-b9aa-c2be311a0963,Heidi,Roy,erinjordan@example.com,Sudan,2024-09-19
2fe23406-1796-4ad3-8600-6003250ff23f,John,Gomez,perezjared@example.net,India,2024-10-13
9d60000f-dc68-4765-8480-8612b3d3a2ad,Shirley,Johnson,dtaylor@example.com,Zambia,2023-12-31
91ce3d91-4090-4a56-b1a7-9d1ef251497c,Alejandro,Davis,gordonpham@example.com,French Polynesia,2023-04-08
e8e0f420-95ac-4072-936f-808994d20c13,Ryan,Adams,bchavez@example.com,Estonia,2024-08-06
7c78ec53-d8b9-4b35-92eb-612c0cfaab79,Donna,Marquez,sosacynthia@example.com,Colombia,2023-08-20
0f107913-5aaa-403d-b04c-10ce0fb16f06,David,Harrington,xstewart@example.com,Comoros,2024-01-30
e42afe6a-ec17-4103-beae-882cac20cbf8,Dana,Thompson,nicoleroberts@example.net,Cook Islands,2023-02-20
16ad1424-80ed-408d-8f08-a657ea1ac415,Carmen,Casey,foxregina@example.net,British Indian Ocean Territory (Chagos Archipelago),2024-09-14
72ea3a07-a01e-4a57-9db1-b4348f5c460d,Jamie,Clark,anthony20@example.org,Hong Kong,2025-03-08
9036c34b-6da8-4564-a8bb-f7d54f173ef4,Nicholas,Henderson,joanne81@example.net,Chile,2024-01-17
325751a7-c422-4b15-b30a-d0ff02de5a32,Patrick,Gonzales,richard06@example.org,Peru,2023-09-30
5b0060b7-6a09-4d9e-9ddf-178a32fc1110,Michael,Briggs,mreynolds@example.com,Serbia,2023-12-19
3aea8ead-b713-4ad2-9ef6-14a7b12532a5,Nicholas,Harris,edwardsemily@example.com,Moldova,2025-04-24
68a53327-4513-4414-8590-dd9b51dd0a06,Jessica,Rice,wendy83@example.org,Palestinian Territory,2023-07-15
e7529e20-d1fe-407c-a0d2-ec72d98fc21b,Leah,Church,ydavis@example.org,Angola,2023-03-29
dd84e213-c036-4d7d-8c48-c2f6a44bc0fc,Crystal,Brown,darlenenunez@example.com,Faroe Islands,2023-09-12
1f971289-8b2a-4021-9128-f0c72a7428ba,Kevin,Morris,meganhayes@example.net,Papua New Guinea,2023-09-23
4e348f5a-0897-4509-9a42-92c8a0dbabc0,Pamela,Jordan,ricky88@example.net,Anguilla,2023-09-15
bb3fe1eb-03c7-4b8a-a298-38d40573bc97,April,Ferrell,xhester@example.net,Panama,2023-03-17
2902171c-f08e-474a-8ede-630a3d8dc8d1,Clayton,Cooper,andrea37@example.org,Armenia,2022-06-22
cc473db0-96ae-4be7-b7d1-d5c586c0c482,Maria,Ray,madison09@example.org,Austria,2023-10-17
b13b7eda-9906-456f-9553-8e6a959593ee,Blake,Miller,meganjordan@example.net,Pakistan,2024-10-06
5b64779e-8ce6-49d3-9944-62a082db6de6,Kyle,Castro,kfuller@example.com,Brunei Darussalam,2023-10-11
980d6769-952b-41f1-930a-b577f964f706,Joseph,Williams,adrienne68@example.org,Christmas Island,2025-01-21
3b9f53c2-7954-48fb-a2d4-489c747cb67f,Benjamin,Brown,vlawson@example.org,Austria,2022-07-15
20add8b4-4e16-4803-8937-ed2762f760d0,Lisa,Cameron,suzanne96@example.org,Mauritius,2023-04-30
2eb89184-0763-498f-bbd5-7623f48a37b3,Rachel,Figueroa,tjoseph@example.org,Micronesia,2022-11-28
e7bef62f-c08f-43ed-8164-ecd2ce7935d1,Erin,Pollard,victoriabrandt@example.net,Saudi Arabia,2024-12-26
20a193cc-f04b-47a1-ae90-e0e712c883fd,Carolyn,Green,melissa29@example.net,Uruguay,2023-09-18
3d2535ad-686c-4518-9629-648d776e07bc,Joseph,Durham,tturner@example.net,Guam,2023-10-17
e2797ebd-05bc-49a6-8fbc-5918ee09a1a8,Debra,Williams,cynthia74@example.net,China,2023-07-04
4fd5975f-53be-4943-95a7-06a1c845ceb3,April,Johnson,iramirez@example.org,Italy,2024-09-18
4dab9f85-c956-4f91-8ab5-67bb8b0e560f,Brandi,Lane,williamsmicheal@example.net,Myanmar,2022-08-07
ac9ad4a8-d856-4656-8ce1-34d24c5748df,Chad,Atkinson,leelouis@example.com,Pitcairn Islands,2023-09-22
15e48ddc-cef8-4b51-9768-d06467c445c2,Cynthia,Cooke,nicole27@example.com,Iran,2024-10-16
849fdef9-0363-4fdd-af5c-e8ab39a0c29f,Michelle,Parker,stephanieevans@example.com,Egypt,2024-08-30
fe917489-aed1-416d-9310-825b35d2c9bf,Holly,Carrillo,frenchsamuel@example.net,Montenegro,2024-12-27
ad4dbc92-4acd-45c2-a962-305f67927f66,Yvonne,Wood,miguelrodriguez@example.org,New Caledonia,2024-02-03
209f0b99-a071-4295-a5ba-a86d7a752236,Kathryn,Ortega,jesse86@example.net,Armenia,2023-08-03
6baaba55-1eb8-4ce8-a4b0-8d49253f4448,Rose,Barry,underwoodlisa@example.org,Reunion,2022-11-29
5cbe23d4-ec12-4496-89b1-1c7083c03043,Eric,Smith,paulbrown@example.org,Christmas Island,2023-06-26
303c8e47-d750-4b67-bce6-c517b2dd0d07,Marcus,Watson,jessicaedwards@example.org,Vietnam,2022-05-04
8be9f7f0-da17-4c0a-8aa4-0fc72c206acb,Melanie,Anderson,kolson@example.net,Paraguay,2024-12-09
c76d7664-6a36-47f9-8e27-e668e440ce4b,Cody,Carrillo,margaretreid@example.com,Trinidad and Tobago,2023-08-04
7973afd1-89d5-4511-bba2-7c305abacfbe,Samuel,Carson,veronicamaynard@example.com,Trinidad and Tobago,2023-09-08
101ef42f-bd65-456b-8805-5a4352737a0c,Adam,Hooper,alan28@example.com,Cyprus,2024-01-24
c1483019-5c8a-4647-895c-9aa2a1225718,Julia,Johnson,phillipolson@example.com,Pakistan,2023-12-05
5ca0d845-48c0-4cc5-bc92-f696966426b0,Marcus,Freeman,alfred96@example.net,Cayman Islands,2023-08-10
d4d46030-653e-43a8-88b0-84a4086b4380,Erin,Moss,iriddle@example.org,Puerto Rico,2025-01-27
85b9d25d-34f4-4ca1-8d5c-ac74f5a5bbed,Michael,Turner,denise18@example.org,Isle of Man,2022-06-08
21b3c67a-a426-45a9-9b1c-d1030f6122af,Alexander,Robinson,william33@example.net,Cambodia,2024-05-20
c308e5a7-318c-4931-9a80-0f3509718873,Ryan,Lee,jacobslisa@example.net,Qatar,2024-03-30
b3801474-8d4c-4b53-8431-3cd8c8303118,Chad,Parker,thompsonalexander@example.net,Norfolk Island,2023-07-02
f000dbd7-67be-4d13-9be9-c9168fb9185b,Erin,Kirk,anthonysmith@example.org,Tajikistan,2024-03-06
e566dd53-117c-486d-9c43-8eb9511835aa,Jennifer,Carr,weaversandra@example.com,Zimbabwe,2024-01-06
63890877-1f60-441c-a8a2-bb2d61d55a83,Timothy,Hoffman,olsenjason@example.net,Micronesia,2024-06-21
95549d1e-283a-42ac-b32d-b15e1eed5c13,Lisa,White,mark04@example.org,Swaziland,2025-01-15
6d251786-2a41-4adf-bdfe-ae0e7d4a8605,Charles,Moore,brendadiaz@example.com,Tuvalu,2022-05-06
af865118-78ae-4d75-8abc-8e0f8ef598b3,Justin,Campbell,katiemoran@example.org,Guernsey,2025-03-21
c30d601a-437e-4126-9e27-b6cc4a48aa90,Ryan,Yang,david90@example.net,Canada,2023-03-11
5e748840-f13d-4bdb-b557-419d0778e3e6,Cathy,Payne,umendez@example.com,Palau,2024-02-06
056af5e2-bc41-48a8-9d8d-dbf85f1ab87b,Jerry,Hunt,phillipschristopher@example.com,Lebanon,2023-02-25
bc670a8e-b797-4e3b-928d-e365e797e119,Tim,Brown,edward39@example.com,Serbia,2024-04-04
07403fa6-d723-46c1-a76f-613aa9ce48e1,Michael,Fitzgerald,gmeyer@example.com,Antigua and Barbuda,2023-09-07
873b3f96-f64e-48d5-89f6-a7d76af5ab63,Christina,Moore,xwatson@example.com,Nepal,2022-05-31
7eaa0530-010f-4c12-99f6-0090990f2bf7,Christopher,Burke,tammie90@example.org,Faroe Islands,2023-06-08
7b747a34-7f0a-4126-b328-72de0e971145,Christy,Serrano,joseball@example.net,Cocos (Keeling) Islands,2024-06-12
ad55b9f1-f16f-4f4d-950f-5f2f9057772d,Kyle,Wilcox,cardenasjames@example.com,Estonia,2024-08-19
fa809487-5874-4089-93dc-b9aeaf8d8294,Michelle,Gonzalez,cgomez@example.net,San Marino,2024-01-30
311270de-4495-44d4-88c5-6b9168775926,Richard,Sexton,evansdillon@example.org,Botswana,2024-02-19
70a74b9e-7e62-4668-96ab-8afddd3c205c,Christopher,Brown,mjones@example.net,American Samoa,2025-01-13
8fe9fd89-ea06-4367-83b1-1af59da8891d,Michelle,Butler,jsherman@example.net,Guyana,2022-10-10
0e45ccc0-2836-4c53-9f16-f869123a4b74,David,Taylor,danielle75@example.org,France,2025-02-18
b51bcd8c-d621-4300-b24e-2e96e0b768ec,Steven,Wilson,emma08@example.net,Kyrgyz Republic,2023-12-31
62418681-07bd-452e-a156-969fa6c6b3b5,Joshua,Peters,fwatson@example.net,Armenia,2022-12-11
cd037a42-35e1-40d9-9c84-e56ec2266074,Darrell,Santiago,brian33@example.com,Singapore,2023-01-29
d0666145-4e08-4d5f-8421-7de3093b5f3c,Timothy,Jones,betty28@example.net,Japan,2024-07-29
7bbab185-af65-414a-9887-00602341242d,Sabrina,Gardner,elizabethwilliams@example.com,Angola,2022-09-19
7fb9c529-3430-46fc-b87a-86821e5c5681,William,Jackson,halldarren@example.org,Afghanistan,2023-07-15
76c83fed-0075-4fba-83ed-79d96b655720,Melissa,Perez,andersonmichelle@example.com,Ukraine,2023-04-04
7bf19c18-3c78-415e-8fd7-ba457d7864b1,William,Watson,johnsonrobert@example.com,Algeria,2022-09-25
fcb75e11-e216-466e-848f-c25339adebcd,Olivia,Hansen,keith26@example.org,Benin,2023-10-08
1dbdc43a-be69-40c4-aae0-9dd573832806,Lisa,Nelson,candicedavis@example.net,Angola,2025-01-05
ac8dd128-87de-4f7b-afee-e83c2bfe6388,Darrell,Krueger,margarethicks@example.net,Kyrgyz Republic,2024-12-22
d0b886c6-717f-437c-b594-af1242cb4734,Alexandra,Hill,brandonlopez@example.org,Albania,2023-05-19
631de459-e247-45c4-b19a-a643ede52162,Glenn,Williams,normannatasha@example.net,Liberia,2023-01-30
def40192-627d-44bb-a79f-9817ea97a3b1,Jenny,Armstrong,patricia23@example.com,Germany,2022-08-22
1ac5aeaf-2a61-4775-86bf-895995d6a926,James,Davis,gdavis@example.net,Puerto Rico,2022-11-17
298fc56d-b893-4ee3-b2aa-1335d2cb6901,Robert,Bentley,randallstrickland@example.net,Gibraltar,2024-11-26
affbe5d5-7216-4d46-85ef-6ad080061ad4,Sharon,Mann,buchanancharles@example.com,Liechtenstein,2024-12-28
fab186ad-b0c2-4ac6-b923-37d0a4d3fc00,Gregory,Taylor,jonesann@example.net,Malawi,2023-02-19
9be33508-edf7-44ae-b3ed-fe76f1bb6afb,Teresa,Lewis,thomas73@example.com,Palestinian Territory,2023-04-08
3756742b-36db-4e72-96e1-bfd24f58d570,Madeline,Campbell,rodneyguzman@example.net,Taiwan,2024-06-08
4996d090-4442-43b9-b2cf-0abf149d84b1,Jessica,Barron,tamaragould@example.org,Bolivia,2023-09-15
979e171b-ea12-414d-8840-14a4b0b1ff20,Michael,Lopez,bennettnicole@example.com,Namibia,2023-09-16
c3643fc2-1c0f-42c7-ae63-a8e746902912,Meagan,Reyes,brittany95@example.org,Costa Rica,2024-01-06
e4fd96c5-4685-4d57-955c-dc947a36f3ec,Matthew,Hernandez,jeffrey04@example.net,Monaco,2023-04-03
bb979092-07bd-44d1-8ce0-a352f67986f5,Vanessa,Pacheco,mary89@example.com,Maldives,2025-03-11
697fc2e5-495f-4cde-bc9d-ab1db20e7126,Samuel,Hester,john10@example.net,Andorra,2024-04-23
09d4fea4-daf8-419a-b2f0-04d04705df02,Sherry,Peters,april17@example.net,Costa Rica,2023-06-07
c5c2b52f-1b22-47ec-a4d0-2c48c40d9116,Karen,Gutierrez,jenniferperkins@example.net,Niger,2022-06-05
7a5d63a0-525c-4f6e-b9e3-2def163e6a0e,Zachary,Erickson,kgonzales@example.com,Nauru,2024-12-13
0c6e550d-c1e1-4109-9abb-9f2ab4dcf265,Harold,Berry,williskimberly@example.org,Turkey,2024-11-11
80d6c26e-c8e1-40e5-99ee-d1b479d7dd8c,Natasha,Lewis,tamara83@example.org,Brunei Darussalam,2022-07-21
9a248ef0-5343-4e93-956c-1778909d4784,Bradley,Harrington,kelliejackson@example.net,Madagascar,2024-07-21
3c9269b4-5f4c-4285-90ce-c05977f80651,Connie,Vazquez,diazpamela@example.com,Uzbekistan,2024-01-22
72af955f-d642-49fb-bdba-5b25e3c4f06f,Heather,Caldwell,lindahuber@example.net,China,2023-11-09
4524bfc6-6f87-4b07-8992-709902e1f575,Erica,Diaz,amberclay@example.org,Marshall Islands,2023-05-16
5d7b97a8-f051-4185-9b67-e81d920dada8,Tara,Simmons,crawfordhenry@example.net,Moldova,2024-11-21
3271e46e-51b4-4026-803e-a2a6e448f50f,Anna,Payne,brittany08@example.org,Liechtenstein,2023-07-03
78e151ff-c7b5-4a97-af16-f1615490781b,Christian,Wilson,phillip34@example.net,United States Virgin Islands,2025-01-03
be5977c5-f7fd-4584-97ba-8dbbcb9a4165,Michael,Clark,shari74@example.com,South Africa,2024-05-09
adc9db82-5b23-4109-8ac0-c5069beb27c5,Steven,Mitchell,tamaraholt@example.com,Thailand,2024-03-27
e72c78c9-15f0-455d-bd78-a48a72d73830,Jennifer,Ramirez,sheena91@example.org,Lao People's Democratic Republic,2023-09-22
be2c2766-876e-49d7-b8c5-8055043e1dcb,Christina,Cervantes,ujohnson@example.com,Christmas Island,2024-11-28
813a38b5-e211-4782-bf12-ccdd0ba93402,Shannon,Lee,dianewhite@example.com,Eritrea,2024-05-30
47220812-1c08-4055-aee8-6769a1c43ac9,Deanna,Green,yyoung@example.net,Algeria,2024-08-17
d8f930d8-130e-478e-a44d-29f9f393b01e,Bobby,Martin,irichardson@example.com,Taiwan,2025-03-16
5ae7cb5a-0e62-40db-bf2b-b6e2fea38007,Marcus,Sullivan,arobinson@example.net,Montenegro,2023-03-10
d12158eb-fb57-4a81-af9a-cb4fce8fb60e,Eric,Conrad,michelle49@example.com,Algeria,2022-06-13
d9cc80fe-543e-4305-9969-596065ad85c7,James,Johnson,freemancharles@example.net,Tuvalu,2022-07-01
c2fee223-a1a1-4a0c-a607-14b5b3436b02,Jonathon,Neal,hutchinsontodd@example.com,Somalia,2022-05-12
f92518f5-932f-4f12-b31c-9bd4b19a9f77,Laura,Sweeney,thomasgarcia@example.org,Tanzania,2023-02-24
533d50b8-9c70-4a71-b075-06c3cee75f04,Nicholas,Carlson,cynthia40@example.org,Mexico,2025-03-11
7a3ed0f3-d1e8-43bd-8daf-a64e0fb2a588,Kelsey,Adams,elizabethrogers@example.org,Tanzania,2023-02-25
48d23b0f-60c6-49cb-adb0-d338de4018fd,Marie,Flores,wwilliams@example.org,Mayotte,2023-01-22
faf251bf-8d00-4927-8c2c-c75df58246e1,Gerald,Solis,donaldarmstrong@example.org,Aruba,2024-04-22
ebca0027-334b-45e8-814e-4ff9edc2d156,Troy,Roth,sherryross@example.net,Ethiopia,2023-11-22
47a49ace-293e-45dc-bd81-a87d135f478d,Paul,Moss,bhart@example.com,Uruguay,2023-12-08
2ee5e896-abf2-486e-8849-0b8cb488fe90,Bryan,Lambert,james80@example.com,Oman,2025-03-23
635f7337-7f1d-4091-baa5-18f84c9275ac,Matthew,Jones,james01@example.org,Qatar,2023-07-07
5aa5f6e6-5788-4a3e-8bf9-2e8f0330ac7f,Mary,Graham,justin15@example.org,Honduras,2022-09-10
1766075e-9a01-4b4c-9958-465e0d7dfc12,Steven,Short,salazardouglas@example.net,Georgia,2023-06-14
872559d6-de6d-41b3-b828-72c91bc34cac,Paul,Hamilton,alicia80@example.org,Serbia,2024-05-13
4b3522be-1fa7-43c5-a2e7-7686935ed0f9,Kimberly,Sanchez,nlopez@example.net,Uzbekistan,2023-06-26
7d714c88-904c-4271-9d0b-e0cd0a6771bc,Michael,Gonzalez,broberson@example.com,Samoa,2023-08-30
24afc293-dfc4-4f01-a720-ca07d2b5b8ab,Erik,Tucker,tammywilson@example.com,United States Virgin Islands,2022-12-19
73a2fc4a-0b9c-4533-820f-20396a2c1922,Stephanie,Estes,xsmith@example.com,Cameroon,2023-12-16
4120868b-c505-4c11-b6d7-ed99aeecafeb,Ashley,Mendoza,melissa96@example.net,Gabon,2023-11-06
a4609715-7c5d-4ddf-83fc-248f3e2f7e48,Angela,Collins,jamessutton@example.org,Guam,2024-01-13
c96cacc1-d45e-4c69-9766-8323d9392d75,Jeffrey,Barnett,zortiz@example.net,Spain,2024-09-13
324527c2-846c-43c6-a472-f5334c035bb1,Michelle,Moore,christopher90@example.com,Guinea-Bissau,2023-04-20
c3507b7a-ccda-48cd-9570-a415037752e6,Stephen,Bailey,hinesjacqueline@example.net,Chile,2022-08-23
24bd6bea-31f9-4f15-9082-c500d282cd24,Nicholas,Martin,johnsondawn@example.com,Korea,2023-02-02
9e6089dd-4172-4e81-9b83-8231b1c48c7c,Nicole,Ramirez,shortmelissa@example.com,Israel,2023-08-16
2e87b941-7654-4d37-bd19-9a8ef317fba5,Charlotte,Morrison,catherine45@example.net,Maldives,2022-06-14
e6300263-3ad3-4ba7-bcd0-3f6d4cd5f9c5,Bryce,Farley,jenniferhughes@example.com,Syrian Arab Republic,2022-11-30
23fb541c-5cee-4a30-b218-02aee18ff110,Carlos,Hernandez,nguyenmark@example.org,Norfolk Island,2025-01-22
a0505a69-8661-498b-a43f-279a3a959b0d,Barry,Shepherd,michael84@example.org,Colombia,2024-10-10
3d56cee5-5bbb-4e64-8972-688a0aa8e68b,Anne,Martinez,ljordan@example.org,Papua New Guinea,2023-12-03
bb753c3e-606e-44b5-8f5b-2ed3e1d1c06d,Peter,Perez,meyergary@example.net,Vanuatu,2022-07-31
8dfc9369-7090-4cd7-ad90-38fcac839fe1,Hannah,Estes,jerrygray@example.net,Iraq,2023-06-08
61042d30-d4c0-4b8d-8d62-9c740ec0cf2f,Jennifer,Krause,landerson@example.com,Uzbekistan,2022-08-19
0203e5a8-958a-4e52-8c1c-dd8ed8aed8c3,Brian,Wood,diazandrew@example.com,Iceland,2024-08-10
5aeb389f-bf40-4d71-b7f7-a9224f91bc2e,Maria,Davis,linda43@example.org,Serbia,2023-06-18
b484d8d8-c27e-42a8-a407-52db319a21c7,Ashley,Hughes,icrawford@example.net,Saint Lucia,2024-01-07
8723effd-d819-46af-913b-12766a9a95ba,Carrie,Graham,vgonzalez@example.org,Morocco,2022-06-17
cd818f1d-4dc3-49a2-b184-13a43aa6d6cb,David,Young,michael42@example.org,Oman,2025-04-22
41480288-16bf-4bbc-9011-bc2c17c9b26d,Danny,Sullivan,cbaird@example.com,Senegal,2024-03-06
874a3dee-69d4-46f1-8998-46aafcfff38f,Daniel,Martin,kimallison@example.org,Moldova,2024-05-03
54a3800a-5b52-4fdf-bb04-3abd95b5e02c,Sherri,Anderson,shawnhampton@example.com,Cameroon,2022-05-03
e451f10a-1e07-4192-9a3e-c41ee7af84f5,Alexis,Armstrong,larsonerika@example.net,New Zealand,2022-07-01
36839179-398c-4a4f-8044-bd32e6ed6037,Rhonda,Thomas,jamessutton@example.net,Nigeria,2023-01-23
b109bf6b-1c06-40c6-b83e-eb71adc7ab44,Dawn,Velazquez,zgriffith@example.net,Togo,2024-09-13
f39058a0-b938-425e-b40f-5de0fcd94e5e,Brian,Suarez,urose@example.org,Cambodia,2022-09-20
a67ae084-0d20-443b-9042-16037e11ab18,April,Walker,joanneflowers@example.org,Bosnia and Herzegovina,2022-05-23
71f7987c-aa55-4bcc-832c-e8db486179c2,Michele,Burnett,sandrachapman@example.net,Chad,2022-12-15
34f06fa5-6e68-4e06-84a8-8af84355b800,Tyler,Brown,oscarwalker@example.net,Cote d'Ivoire,2023-12-20
166bd3d3-c3a9-4c86-a8de-36a628c2e8ba,Gina,Miller,udavis@example.com,Jordan,2025-04-08
8b57ee03-5f67-486e-ab5c-7b2e74d31af8,Richard,Weber,katie33@example.net,Korea,2024-10-07
f5f24f19-e0c0-4203-9e0c-7230c6006b0a,Albert,Henderson,jessicagill@example.com,Sierra Leone,2023-07-18
e766be16-457a-4447-a108-8ffaa04f7ac6,Natalie,Velasquez,brownapril@example.org,Cook Islands,2025-01-19
1cc989de-550a-4994-841e-e853fcb3183f,Ashley,Mcgrath,sarahgarcia@example.org,Micronesia,2025-01-25
ea5339d0-a3fb-4fb0-b163-cd130b507ff2,Susan,Bautista,waresarah@example.org,Brunei Darussalam,2024-06-13
cd960b2d-92c6-44e8-8fbd-9d6cf1458985,Peter,Green,walkerjoseph@example.net,Holy See (Vatican City State),2024-06-01
2d7a50ba-3d0e-441f-94be-b9de662ff9b3,Christopher,Fletcher,thomascarrillo@example.org,Faroe Islands,2022-08-08
9902cafb-1bab-4874-a0c1-359ce93a01a1,Jessica,Reese,gregoryjohnson@example.com,Dominican Republic,2025-02-28
89f19ca5-296a-4e29-aa74-104fefa11ce7,Carol,Perry,joseph95@example.net,Ecuador,2024-06-11
3d0ff49a-1a70-44dd-b42a-f19d6750a163,Rachael,Stevens,jonathan52@example.net,Georgia,2025-01-28
cb4e90ff-f259-4930-9159-8ddb7b10f790,Jessica,Gould,ryan85@example.org,Turkey,2023-05-04
c3cb3bc9-202f-475b-92c0-70f79425916d,Jamie,Walter,mcintyrejohn@example.org,Saint Pierre and Miquelon,2025-03-17
6be59a05-428f-4e8f-a085-33511954b162,Judy,Miller,michael62@example.com,French Guiana,2023-04-30
86da7f9d-d639-4a73-b93f-50471179a3d9,David,Rivera,michelle88@example.org,Myanmar,2022-06-25
ad1af99f-6e20-4207-a1f6-bab32932505a,Courtney,Morris,hfigueroa@example.org,Lithuania,2024-04-03
1d7e68ad-b8f1-4692-b673-6fc4e1b8ec31,Jean,Foster,conniecalhoun@example.com,Bouvet Island (Bouvetoya),2023-12-31
724d658f-5fcb-4ef2-8082-24757af7926e,Michael,Kramer,wheelerjennifer@example.com,Guyana,2024-03-27
fd89c069-77ba-45f8-a149-d75be4d6953a,Melinda,Goodwin,qlewis@example.com,Taiwan,2023-02-28
23046491-3507-47e3-87ee-1c4932366ce2,Yvette,Lane,yjohnson@example.net,Djibouti,2024-01-07
3e586a09-a886-430d-a045-cf7e78a6a7a5,Sean,Frederick,paulperry@example.org,British Virgin Islands,2024-10-26
161825c7-99ca-4ce7-ab50-46f5a8943ade,Jared,Hughes,melinda94@example.com,Heard Island and McDonald Islands,2023-03-04
bbdd9de9-66c0-4cb4-a9ed-ee587b40d959,Jacqueline,Bell,laura20@example.com,Denmark,2023-07-08
51ce0cb6-9ec4-426b-8d7e-846985a7f4b2,Christine,Lopez,jennifer40@example.net,Wallis and Futuna,2023-09-09
7744a28e-33a2-4dee-a430-77229dfbdfb8,Patrick,Cohen,lawsongabriel@example.net,Nigeria,2023-10-10
aa847391-d67f-4de2-9f1d-0538fb74a02e,Christopher,Moore,florestracey@example.net,Christmas Island,2023-03-20
7ee5a915-9985-4097-8b0c-412b9a1a2201,Ryan,Sanford,brivera@example.org,Jersey,2023-04-12
b965018c-49a8-458f-82d6-235cc0bb0435,Nathaniel,Ford,thomas65@example.org,Panama,2024-10-07
1f35a551-87fa-4e42-8974-d273607d0f47,Henry,Knight,jimmy68@example.org,Italy,2024-04-08
f1c75e89-7929-4410-9801-5b1f22533a23,Jerome,Powell,mikejohnson@example.net,Bahrain,2025-02-24
1a4da91e-10de-4490-8493-a7902b4037ed,Joseph,Simmons,lhobbs@example.org,Uzbekistan,2024-02-18
7d9705c1-7366-4a1f-97f6-2f48a037d360,Terri,Wood,cpayne@example.org,Oman,2023-07-16
11325486-8307-48b9-8540-5d6d549e8605,Dakota,Brown,fullerchristine@example.org,Holy See (Vatican City State),2024-08-08
f3c0935e-adac-4856-8dca-d87a9862dd21,Rachel,Warren,kyle43@example.net,Uzbekistan,2024-04-05
b2ac96bf-5cd5-4757-9ada-4b68d62cb684,Ryan,Perez,cfranklin@example.com,Estonia,2024-11-04
ed74c8a6-d70d-40bf-bbb3-3099bcc70dd7,Roger,Livingston,paulamy@example.org,Bolivia,2023-12-10
9a9787b2-164c-4e66-b13b-09f68c01b4ec,Shannon,Scott,rhonda39@example.net,Bahamas,2023-11-14
001ebcf6-dac8-49a3-9560-f6c28b5e975b,Christy,Miller,pnavarro@example.com,Honduras,2025-03-26
a5cb18c2-ed99-42b0-8652-a6703a93afd0,Emily,Smith,michaelortega@example.net,Congo,2025-03-24
adf65213-f4a1-4534-8092-733d6fb32cb7,Cesar,Pierce,kellygarcia@example.com,Switzerland,2024-01-27
7de20e31-7529-4e2d-b858-59faae1b53c5,Laurie,Mann,jasondiaz@example.org,French Guiana,2022-05-04
0f2490a9-1e7a-46d7-825f-78aa739c5ffe,Phillip,Patterson,fdavis@example.com,Montenegro,2025-02-18
6d5c1d19-1464-4104-8c41-403626ffc0e9,James,Richardson,lisa00@example.com,Tanzania,2024-07-23
bd112a5e-fc8e-46c4-adc1-1966c065377b,Christopher,Reese,zacharysanchez@example.com,Russian Federation,2023-08-16
37d35519-f63f-4014-a924-b2444e0e5d2c,Elizabeth,Carlson,stacey60@example.org,Lebanon,2023-07-11
30a39fc6-844f-4098-afee-f50a3049298e,Dawn,Ramsey,hernandezmaria@example.org,Holy See (Vatican City State),2023-07-23
074c3b7e-4ae6-4beb-926c-4e53405c3b62,Cynthia,Gillespie,josephsteele@example.org,Somalia,2022-12-10
26bfd09b-75ce-48ba-95ee-9690fe8fec11,Mitchell,Howard,angelaperkins@example.com,Iraq,2024-12-30
241f00cc-f6f7-41ce-bc9b-f0e822084707,Kaitlyn,Gomez,meganwagner@example.net,Egypt,2024-07-27
cb55f800-928d-429e-9680-373fb8f6cded,Zachary,King,bennettmercedes@example.com,Azerbaijan,2023-08-21
bb709d6b-aa79-4627-8c71-bdaa74b230ee,Jennifer,Long,cobbtanya@example.org,Bolivia,2023-04-16
4d516818-6b5f-4d31-bad6-f1cffea1e6b9,Michelle,Rodriguez,valerie57@example.org,Qatar,2024-09-20
f08d6a07-a53f-41a9-868c-018abc1fb909,Makayla,Morrow,christophercarroll@example.org,Sri Lanka,2022-05-21
2d99f561-4dcc-4f53-99d5-1d661b5665a2,Patricia,Wheeler,ymosley@example.com,Bolivia,2023-11-14
865a1e37-334d-4cc4-b03f-3352d764d75f,Christopher,Leach,jeff01@example.org,Botswana,2024-11-07
c76c7f1d-b293-4e23-8470-7c281b930887,Anna,Moore,adamstyler@example.com,India,2025-03-16
cdc24353-1239-4a08-a71a-3a62b2426721,Jose,Waters,dlee@example.com,Montserrat,2023-10-19
77ad6f65-bba7-4914-bf4c-a5311da58dcd,Melanie,Braun,christopher55@example.com,Uganda,2023-09-01
47f2cdf6-63b1-4f0a-a432-f10ce820cdfa,Christopher,Garza,robinbrown@example.org,Palestinian Territory,2022-07-01
8fa6a039-d8ba-4089-ab2f-0ea5c69992a7,Dawn,Edwards,debrabrown@example.net,Central African Republic,2022-09-12
5215e045-769e-44ea-9cbc-b6b6465c400e,Jennifer,Marsh,josephgarcia@example.com,Iraq,2024-01-14
da659f58-b216-4e94-993f-747a5ab22a9b,Michelle,Harris,wthomas@example.com,Afghanistan,2024-06-17
3a7ae4d0-ca5d-4837-bff4-6dad51c61c3d,William,Meyers,kennethadams@example.net,Bermuda,2022-08-15
c9f2e482-a167-45f9-84dd-040a8c1f2157,Ricky,Knapp,kaitlynharrison@example.org,Austria,2023-06-09
06553f85-4e62-46c4-b1ab-1a73e6d31a93,Sherri,Richardson,jenkinsgina@example.org,Chad,2022-06-23
364c7473-5245-416b-9033-9de8c39255b2,Sharon,Schmidt,xspencer@example.com,Cayman Islands,2022-08-29
85b6c758-e14b-4c38-b195-be82794da3a6,Adrian,Davis,jacob54@example.org,Yemen,2025-03-25
569709e2-dc4d-4272-a66e-2eb5204b6167,Kevin,Nash,james51@example.net,American Samoa,2022-09-07
98d702df-1a29-44cb-871f-496b950ba96e,Sherry,Russell,gary55@example.com,Azerbaijan,2024-11-16
acfe1773-5454-4ac0-97c5-87df7689eed6,Kristina,Martinez,bonnie69@example.com,Tajikistan,2024-10-31
4f41f74c-8b71-42dd-91dd-581782587d2d,Kristine,George,huangcharles@example.org,Bhutan,2024-12-22
5f96d382-90b5-4f6d-83ec-432ef31938e6,Nathan,Smith,jason29@example.org,Somalia,2023-01-09
b026dae9-6d2a-4a4e-b6e1-b2fe47936f6d,David,Daniels,heidiwright@example.org,Pitcairn Islands,2023-04-25
752ad9b1-eb5f-4510-938a-ab1ea2f7cb1f,Kristen,Luna,lisa40@example.net,Georgia,2022-07-08
7f541698-0846-434c-829d-4dcee2c25c10,Justin,Robinson,kimberlyflores@example.org,Solomon Islands,2024-01-03
85f29e5a-c499-47e3-a769-457e8a33dd4d,Michael,Johnson,powellmargaret@example.org,Turks and Caicos Islands,2024-07-18
d6750286-8eb9-43f0-9db3-191488d8162e,Edward,Pena,rreynolds@example.com,Slovenia,2022-08-20
06e090c1-d3c8-44fb-b818-5b20e41ddc87,David,Baker,qbrown@example.com,Morocco,2023-01-17
1419f67e-a903-4463-b380-2a632120ea18,Danielle,Zamora,cynthia70@example.com,Andorra,2023-02-18
c89fc9a5-c1be-45c9-97b5-ffc7e04a318f,Adam,Logan,johnsonmargaret@example.com,North Macedonia,2022-11-22
2c7639d6-2a25-40ae-beb8-676552bd5b22,Catherine,Romero,vicki66@example.com,Brunei Darussalam,2023-05-06
4050a3a7-1b6a-429b-a98b-38636048265f,Debra,Lin,briansmith@example.com,Andorra,2023-06-09
74acac4b-5ed0-4a04-8a5c-e3e2efa34bb3,Matthew,Sosa,douglas30@example.net,Brazil,2022-08-31
a98ba809-8853-44b1-9549-a52b41646fe9,Toni,Johnson,melissa14@example.com,Cocos (Keeling) Islands,2023-04-24
3c8159c4-e647-47ed-a9ec-f8b216f85150,Brianna,Hamilton,martinjason@example.org,Sudan,2022-08-04
6c97fe4c-2eff-44f4-9a1a-81024c416dc1,Stephanie,Gonzalez,davidbright@example.net,Lithuania,2023-04-19
6e513e9d-2ce0-4944-9f8c-18186bd9cbdc,Rebecca,Ray,davisnicholas@example.net,Samoa,2023-07-22
fe59dc9c-6a0c-4d53-8ae3-50dca050c35c,Robert,Armstrong,craigstewart@example.net,Tuvalu,2023-08-28
56369804-e2e1-418e-99cf-a5179b3a7c29,Mary,Pruitt,christopher23@example.com,Dominica,2024-05-06
f1f1a7e2-c288-4c0d-9c11-3cd3c5496ebb,Dana,Reilly,agraham@example.com,Cameroon,2023-03-17
ff78865c-ba9c-4c5f-ae52-69ba86cb9c4d,Rebecca,Mercer,kevin62@example.org,France,2023-08-10
4d53f92c-2709-497f-9f80-369d648890a2,Joseph,Obrien,katrina81@example.com,Lebanon,2024-07-26
289c71e5-6ca3-4c76-a40c-8feb518f86d2,April,Meyer,karen02@example.com,Djibouti,2024-12-12
a5bb8fc5-cc8b-40bb-ba67-f5c8f8d1b531,Shannon,Levy,fuentesvincent@example.org,Switzerland,2022-10-30
d2783055-cfae-4531-8f55-733e783b6258,Isaiah,Jenkins,tbennett@example.com,Lithuania,2022-12-16
dc2f9a64-3ae8-4841-8099-4f6129d258a3,Travis,Rojas,taylormelanie@example.net,Swaziland,2024-11-10
e312d605-e949-46bf-87f3-984ef162aefa,Natasha,Lyons,elizabethclay@example.com,Yemen,2024-02-03
6fd20363-1b75-442d-95d5-c7515f60c5f7,Shannon,Webb,christopher84@example.net,Tunisia,2024-12-25
d7cb9929-1ea6-4fbf-9fcb-6e6499c311dc,Johnny,Pope,laurenwade@example.net,Nicaragua,2023-05-03
a490eb3b-8873-4a61-aec9-ec477de41ad1,Amy,Bailey,zimmermanjacob@example.org,Grenada,2024-08-20
964c9ad3-d4e2-4297-b159-46fe27c22641,Tammy,Hess,nclark@example.net,Turks and Caicos Islands,2022-11-08
c895f8fd-edd8-4bb5-a7f1-239a739d0ac0,Elizabeth,Lawson,walkershannon@example.net,Maldives,2022-08-02
f1b44b9b-2a7d-4373-8fcc-3bd37306bfe6,Michael,James,hoffmanscott@example.net,South Africa,2025-02-05
2d93f7f8-78ee-490b-a3fb-fe102ed1b55f,Joel,Johnson,richardsdaniel@example.com,Norfolk Island,2022-11-09
1dc75ce6-94c9-46c7-a1fa-96392dd04285,Kelly,Thomas,smithelizabeth@example.net,Taiwan,2024-05-08
7e11f3b1-bfdd-4a7c-9b45-d9fdddb66897,Thomas,Green,colemanrobert@example.net,Anguilla,2024-11-30
640101a9-5b1a-4c3e-a78c-95acbc29dcd2,Sherry,Schmidt,halexander@example.com,Uzbekistan,2023-12-09
5dbe2780-cb8f-4009-a920-7ed734eadd90,Vanessa,Hess,joelgreer@example.org,Grenada,2022-07-31
9c24cc36-8f0c-469e-b73b-dd46e06be83d,Sharon,Dixon,scott85@example.com,Vanuatu,2023-05-19
d0dca868-79f3-4301-a944-9d745c76e6c2,Samantha,Dillon,alejandrodeleon@example.com,Equatorial Guinea,2024-12-25
b98a8e02-a602-4bd1-ba72-23e6af4802c5,Hannah,Russell,laura73@example.org,United States of America,2024-08-15
9c853ce5-c8dd-446b-bffd-3b7730a1d476,Jessica,Robbins,millernancy@example.net,Armenia,2024-05-17
f4adf8bc-f135-479b-a80b-b8d3913d9fae,Melissa,Campbell,matthew51@example.org,Saint Lucia,2022-11-03
ea099521-6f4e-4abd-9987-2782148f10f6,Thomas,Griffin,samantha44@example.org,Chile,2025-01-07
8c66eed5-2455-443b-9172-b68f6b76eff3,Mark,Velez,jessicaanderson@example.net,Ecuador,2022-08-22
b9da1712-0826-43a2-b137-0de92131bab4,Michael,Richardson,lawrencecoleman@example.com,Thailand,2024-10-31
66ac8dfd-857d-42ac-a5df-d2c506d310b2,Logan,Page,jonathanhowell@example.org,Montenegro,2024-07-02
91817270-0f82-4352-b2e5-509fd9f6b4e9,Ryan,Bradshaw,kristinmarshall@example.net,Mayotte,2022-10-26
88c210ae-54b4-4052-bc49-8872e38dab05,Sharon,Glass,johnquinn@example.net,Afghanistan,2022-07-05
1af65aea-c0d1-4b22-8f42-a004febb3a5f,Michael,Montgomery,sabrina44@example.net,Guam,2024-07-04
46e6fd02-671a-4226-a051-b8754eb39455,Bryan,Lopez,noah06@example.org,New Zealand,2022-11-06
b2e69327-5b92-4785-a934-2b9edc6a2591,Elizabeth,Hernandez,antonio96@example.org,Bosnia and Herzegovina,2023-12-07
5c1fd753-3191-46ef-9178-adcc082ab111,Jane,Thomas,calvin55@example.com,New Zealand,2024-10-01
74aaa85f-e20e-4a9b-ae6f-fc90f707a237,Carly,Livingston,elliottjack@example.com,Oman,2022-07-08
bdd6d094-2f6e-44c5-9aa3-86e1300951bc,Jessica,Anderson,courtneyklein@example.net,Central African Republic,2022-06-18
1de8ae48-f644-4f34-b76a-ec2f8698477a,Nicole,Burch,robert71@example.com,Mauritania,2024-04-11
1bde6410-db17-4b06-a4c6-8020ef66866d,David,Miller,taylorbrown@example.org,Togo,2024-05-01
3777ce32-0365-4d3a-9607-5a119ad59fa0,Noah,Hall,danielprice@example.net,Azerbaijan,2022-06-09
4344f334-cba4-449d-aeca-68195c3881f9,Megan,Wallace,ramirezdon@example.org,Hungary,2024-11-11
2a8e5a1c-e7de-4eef-af79-225c083c93ff,Todd,Johnson,lonnie97@example.com,Papua New Guinea,2023-11-07
27334c4c-2a15-4578-baac-9672ecab27de,Marco,Rogers,rogersdennis@example.com,Guinea,2024-06-22
5b4e31c7-ae5a-4dfc-b144-57babb24fc9b,Tara,Nash,james46@example.org,China,2024-05-24
0747504e-0915-4a34-9a65-871b2688b25a,Julie,Rogers,greenkatherine@example.org,Namibia,2023-03-14
211b34f9-d7c6-464c-a7b0-e59ca6435ba1,James,Thompson,lorraine07@example.net,Cuba,2023-03-03
51f97081-e04b-4c8d-ab1a-f4ddcd2b3901,Charles,Maldonado,vincentedward@example.org,Finland,2022-05-18
cc81d0cd-c786-4742-bb5a-b5537b9b521f,Austin,Davenport,gnelson@example.com,Paraguay,2024-05-23
859da24a-f9e1-4b2f-ad41-4642ab362335,Mark,Shelton,ballardjason@example.net,Burundi,2023-10-29
5b850729-50a2-4eee-8572-cd2454cafb99,Rachel,Moore,youngnathaniel@example.org,Peru,2024-09-26
98da5c70-3e85-4d13-89fd-c497a65857e4,Ronald,Davila,donna69@example.org,Estonia,2023-09-22
3c0e4b18-9a77-4ae3-83d8-50fc42e179d3,Trevor,Brewer,simmonskyle@example.com,Macao,2025-03-08
fe2767ca-4e2a-4db1-9311-33ed5fd10523,Tyler,Young,david55@example.net,Nigeria,2022-12-02
846ed6d1-e30f-441e-bbee-89fbf9c2fd7e,Sheila,Hernandez,juliamorris@example.org,British Virgin Islands,2024-03-13
793a7007-d10b-4c0f-aae8-0d93abff9bd6,Matthew,Gonzalez,robinsonkimberly@example.com,Brunei Darussalam,2023-08-03
5691da0a-8538-401c-b14c-b5053e519646,Mark,Harrington,vrobinson@example.net,Oman,2022-08-25
900a32e5-6c30-463d-b571-1fb41e9523e7,Rachel,Gordon,scurry@example.com,Kyrgyz Republic,2023-06-02
d88d61d2-26b6-47f0-9c9f-34b4c17ec8a3,Kevin,Vargas,ijohnson@example.net,Ukraine,2023-11-21
1432cb39-dafd-4779-ab43-4436c5aaa148,Laura,Lara,hunter59@example.org,Fiji,2023-07-18
c1c4e54b-0429-4233-a589-c1615f8c82ab,Ana,Roberts,pamelahiggins@example.net,Barbados,2023-09-09
ab8c968e-54fe-4ca4-8da1-1522d79b1a16,Jason,Little,vknight@example.com,Russian Federation,2022-11-12
